author,body,created_utc,id,is_submitter,link_id,parent_id,score
Rshiryakin_instagram,NOK🚀🚀🚀🇷🇺🇷🇺🇷🇺All Russia Buy #NOK. We can’t buy amc and gme🇷🇺🇷🇺🇷🇺,1612137597,gljciac,False,t3_l9kn3z,t3_l9kn3z,1
Focus323,"they are not legally obligated to. They have loopholes

 

**Be careful, there are a lot of ETFs out there that claim that they are backed by Silver and Gold, but in the fine print, indicate that they would not have to deliver if they are called out on it.**

**ETF plays, are** ***PSLV*** **for silver, as they are backed by actual silver. DO NOT buy SLV, as that etf will not deliver on physical silver.**

I am buying, **physical silver, gold, and the miners.** Physical Silver is my preferred investment. How high can the price go? Not sure, but we can be certain that owning physical silver and gold, will protect you from the eventual collapse of this ponzi scheme.

This is the real big trade, once GME is done that everyone should start paying attention to.

Not a financial advisor, so please do your own due diligence. Read the fine print on any ETF prospectus you buy.",1612137596,gljci6g,False,t3_l9gv98,t1_gljbxmd,2
CockInAClock,GME GME GME!!! WHOOOOOO!!!!!,1612137595,gljci3z,False,t3_l9lvrn,t3_l9lvrn,17
Vanhelgan,Newly realised smooth brain apetard reporting! I'm poor but buying 1 gme share at open. Fuck these hedge fund cunts.,1612137595,gljci4q,False,t3_l9n5sz,t3_l9n5sz,1
leisy123,"The more they crash the stock market, the more I can throw my GME profit into SPY  or something else",1612137594,gljci2h,False,t3_l9nbs1,t1_glj2mby,7
SamsonOccom,"I do see all the inflation being hidden in the Market. But this is a bubble and people are maxing  out their credit cards, and cleaning out their bank accounts for this.

I'm going to be honest, if I got into this 1-3 months ago I would be selling every last share.     I could pay off my mortgage do a few renovations around my place, buy some silver and give my parents a few thousand bucks.     

If you're new to stocks, please do research!   START OUT WITH INDEX FUNDS and SELL whatever  GME,BB, and AMC stock after you made a few bucks",1612137594,gljci2p,False,t3_l9hqn0,t1_glj9ogk,2
Melodic_Priority3791,Buy both... but mainly GME,1612137590,gljchru,False,t3_l9n5sz,t1_gljcawg,1
happykilmore7,"Nah nah nah... only my a$$ NOK, AMC, BB & GME. Don’t leave my little brothers out homes!!! We all going together!!! 🚀🚀🚀🚀",1612137588,gljchlc,False,t3_l9n5sz,t1_gljc2tq,1
Conker306,"I'm on the AMC boat.   
Wishing the best for my GME chooms!",1612137587,gljchiv,False,t3_l9n5sz,t1_gljbspq,21
MICKEY-MOUSES-PENIS,"Don't forget the others that they're trying to short:

GME (gamestop), AMC (AMC Entertainment), NOK (Nokia), BB (Blackberry)

YOU= 🐒

GME,AMC,NOK,BB= 🍌

Monke hold banana.  Monke has 💎 hands. Monke holds.

\*this is not financial advice. I am a retard\*",1612137582,gljch2z,False,t3_l9n5sz,t1_glj06cg,35
